{"0": {"bbox_points": [[0.6383333333333333, 0.6358333333333333], [0.675, 0.6358333333333333], [0.675, 0.4091666666666667], [0.6383333333333333, 0.4091666666666667]], "mid_point": [0.6566666666666666, 0.5225], "rect_tex": "D:\\personalProjects\\maya-scripts\\extract-hdri\\rect_tex_0.hdr"}, "1": {"bbox_points": [[0.84875, 0.6283333333333334], [0.88, 0.6283333333333334], [0.88, 0.41666666666666663], [0.84875, 0.41666666666666663]], "mid_point": [0.8641666666666666, 0.5225], "rect_tex": "D:\\personalProjects\\maya-scripts\\extract-hdri\\rect_tex_1.hdr"}, "2": {"bbox_points": [[0.24541666666666667, 0.6258333333333334], [0.30125, 0.6258333333333334], [0.30125, 0.5775], [0.24541666666666667, 0.5775]], "mid_point": [0.2733333333333333, 0.6016666666666667], "rect_tex": "D:\\personalProjects\\maya-scripts\\extract-hdri\\rect_tex_2.hdr"}, "3": {"bbox_points": [[0.12916666666666668, 0.6216666666666666], [0.15416666666666667, 0.6216666666666666], [0.15416666666666667, 0.5908333333333333], [0.12916666666666668, 0.5908333333333333]], "mid_point": [0.14166666666666666, 0.6066666666666667], "rect_tex": "D:\\personalProjects\\maya-scripts\\extract-hdri\\rect_tex_3.hdr"}, "4": {"bbox_points": [[0.93, 0.6091666666666666], [0.96125, 0.6091666666666666], [0.96125, 0.5275000000000001], [0.93, 0.5275000000000001]], "mid_point": [0.9454166666666667, 0.5683333333333334], "rect_tex": "D:\\personalProjects\\maya-scripts\\extract-hdri\\rect_tex_4.hdr"}, "5": {"bbox_points": [[0.3729166666666667, 0.6083333333333334], [0.3883333333333333, 0.6083333333333334], [0.3883333333333333, 0.5808333333333333], [0.3729166666666667, 0.5808333333333333]], "mid_point": [0.3804166666666667, 0.595], "rect_tex": "D:\\personalProjects\\maya-scripts\\extract-hdri\\rect_tex_5.hdr"}, "6": {"bbox_points": [[0.5158333333333334, 0.5974999999999999], [0.5291666666666667, 0.5974999999999999], [0.5291666666666667, 0.5700000000000001], [0.5158333333333334, 0.5700000000000001]], "mid_point": [0.5225, 0.5841666666666667], "rect_tex": "D:\\personalProjects\\maya-scripts\\extract-hdri\\rect_tex_6.hdr"}, "7": {"bbox_points": [[0.44875, 0.5925], [0.4625, 0.5925], [0.4625, 0.5700000000000001], [0.44875, 0.5700000000000001]], "mid_point": [0.4554166666666667, 0.5816666666666667], "rect_tex": "D:\\personalProjects\\maya-scripts\\extract-hdri\\rect_tex_7.hdr"}, "8": {"bbox_points": [[0.18958333333333333, 0.5208333333333333], [0.295, 0.5208333333333333], [0.295, 0.4116666666666666], [0.18958333333333333, 0.4116666666666666]], "mid_point": [0.24208333333333334, 0.4666666666666667], "rect_tex": "D:\\personalProjects\\maya-scripts\\extract-hdri\\rect_tex_8.hdr"}, "9": {"bbox_points": [[0.30125, 0.4666666666666667], [0.3075, 0.4666666666666667], [0.3075, 0.42833333333333334], [0.30125, 0.42833333333333334]], "mid_point": [0.30416666666666664, 0.4475], "rect_tex": "D:\\personalProjects\\maya-scripts\\extract-hdri\\rect_tex_9.hdr"}, "10": {"bbox_points": [[0.18375, 0.4475], [0.19166666666666668, 0.4475], [0.19166666666666668, 0.4108333333333334], [0.18375, 0.4108333333333334]], "mid_point": [0.1875, 0.4291666666666667], "rect_tex": "D:\\personalProjects\\maya-scripts\\extract-hdri\\rect_tex_10.hdr"}, "hdr": "D:\\personalProjects\\maya-scripts\\extract-hdri\\patched_hdr.hdr", "num_lights": 11}